12462,-51.75,-0.75,4618750.0,5389.5370000000003,79.0,1928,2006,37.0,BR,SA,Amazon,ATL
10291,12.75,-5.75,3475000.0,1270.203,97.099999999999994,1903,2000,270.0,CD,AF,Congo,ATL
11474,-61.75,9.25,836000.0,980.08799999999997,75.799999999999997,1923,1999,-9999.0,VE,SA,Orinoco,ATL
10374,120.75,32.25,1705383.0,905.14099999999996,99.599999999999994,1900,2000,19.0,CN,AS,Changjiang,PAC
10245,89.75,24.25,554542.0,670.94299999999998,44.299999999999997,1956,2000,19.0,BD,AS,Brahmaputra,IND
11381,-90.25,29.75,2896021.0,537.31899999999996,79.0,1928,2006,14.1,US,NA,Mississippi,ATL
10381,83.25,70.75,2440000.0,583.76800000000003,69.299999999999997,1936,2006,2.0,RU,AS,Yenisey,ARC
11933,-57.75,-34.75,2346000.0,476.584,101.3,1905,2006,4.0,AR,SA,Parana,ATL
10095,126.75,72.75,2430000.0,529.29499999999996,71.400000000000006,1934,2006,0.0,RU,AS,Lena,ARC
17979,106.25,9.75,545000.0,300.351,82.599999999999994,1923,2005,-9999.0,LA,AS,Mekong,PAC
14354,-49.25,-2.25,742300.0,357.68900000000002,49.399999999999999,1978,2006,1.8999999999999999,BR,SA,Tocantins,ATL
12315,-55.25,-2.75,387378.0,337.803,24.0,1973,1998,-9999.0,BR,SA,Tapajos,ATL
10378,69.25,66.75,2430000.0,396.08499999999998,76.0,1930,2006,0.0,RU,AS,Ob,ARC
10576,88.25,24.25,951600.0,379.67899999999997,48.0,1949,1996,-9999.0,IN,AS,Ganges,(Ganga)
15233,95.75,17.75,117900.0,256.78300000000002,11.0,1978,1988,-9999.0,MM,AS,Irrawaddy,(Ayey
16062,-67.75,48.75,773888.0,224.654,106.8,1900,2006,47.0,US,NA,St,Lawrence
11346,140.25,51.75,1730000.0,305.94400000000002,99.900000000000006,1900,1999,13.0,RU,AS,Amur,PAC
11103,-52.25,-2.25,446388.0,273.43700000000001,26.399999999999999,1971,1998,-9999.0,BR,SA,Xingu,ATL
10069,-134.25,68.75,1660000.0,283.43099999999998,46.600000000000001,1943,2006,-9999.0,CA,NA,Mackenzie,ARC
12217,113.25,22.25,329705.0,219.66399999999999,45.700000000000003,1915,1986,-9999.0,CN,AS,Xijiang,PAC
14651,-123.75,46.25,613827.0,164.86000000000001,106.8,1900,2006,0.0,US,NA,Columbia,PAC
10000,-74.75,10.75,257438.0,230.904,51.0,1950,2000,8.0,CO,SA,Magdalena,ATL
13818,-58.25,-33.75,249312.0,166.90700000000001,57.299999999999997,1965,2006,1.2,AR,SA,Uruguay,(Urugua
10443,-164.25,62.75,831386.0,227.464,50.0,1956,2006,6.0999999999999996,AK,NA,Yukon,PAC
36429,-77.25,6.25,9432.0,55.789000000000001,24.199999999999999,1966,1990,18.0,CO,SA,Atrato,ATL
10000,28.75,45.25,807000.0,203.739,103.0,1900,2002,4.0,RO,EU,Danube,MED
10139,6.25,4.75,2209302.5,180.524,73.0,1915,2006,-999.0,Ni,Ni,Niger,(Issa
12568,9.75,-0.75,203500.0,147.964,42.0,1930,1975,9.0,GA,AF,Ogooué,ATL
22319,-58.75,6.25,66600.0,66.436000000000007,28.800000000000001,1965,1995,18.0,GY,SA,Essequibo,ATL
16744,-122.75,48.75,217000.0,85.430000000000007,93.799999999999997,1912,2005,38.0,CA,NA,Fraser,PAC
10370,53.25,67.75,312000.0,137.846,73.799999999999997,1916,2000,-9999.0,RU,EU,Pechora,ARC
18000,-92.75,57.25,997000.0,69.605999999999995,71.299999999999997,1915,2006,190.0,CA,NA,Nelson,ATL
15897,106.75,73.25,275000.0,87.626000000000005,13.4,1961,1994,-9999.0,RU,AS,Khatanga,ARC
10336,143.25,-3.75,40922.0,118.605,4.0,1980,1984,40.0,PG,PO,Sepik,PAC
11919,160.75,68.75,526000.0,97.079999999999998,74.299999999999997,1927,2004,-9999.0,RU,AS,Kolyma,ARC
11143,35.75,-18.25,940000.0,105.31100000000001,4.0,1976,1979,117.0,MZ,AF,Zambeze,IND
10566,40.25,64.75,348000.0,104.40000000000001,105.7,1900,2006,2.0,RU,EU,Severnaya,Dvina
11685,68.25,24.75,975000.0,88.525000000000006,63.799999999999997,1936,2000,13.0,PK,AS,Indus,IND
15714,10.25,3.75,131500.0,62.633000000000003,36.600000000000001,1943,1980,25.0,CM,AF,Sanaga,ATL
10000,81.75,16.75,299320.0,95.878,73.5,1901,1979,-9999.0,IN,AS,Godavari,IND
13286,111.75,2.75,34053.0,70.272000000000006,31.5,1962,1994,-9999.0,MY,AS,Rajang,PAC
10112,-36.75,-10.25,622600.0,89.363,76.400000000000006,1926,2006,40.0,BR,SA,Sao,Francisco
15085,-92.25,18.25,50743.0,58.594000000000001,46.0,1949,2000,60.0,MX,NA,Usumacinta,ATL
14576,-54.25,5.75,63700.0,51.628999999999998,45.0,1951,1995,10.0,SR,SA,Maroni,(Marowij
10274,5.75,52.75,180000.0,70.459000000000003,103.0,1901,2003,-9999.0,NL,EU,Rhine,ATL
10000,144.75,-7.25,28749.0,73.793999999999997,6.2000000000000002,1961,1984,40.0,PG,PO,Purari,PAC
16977,-68.25,58.25,86800.0,40.591000000000001,37.700000000000003,1954,1999,67.0,CA,NA,Caniapiscau,ATL
12167,86.25,20.25,132090.0,59.433999999999997,6.0,1965,1970,-9999.0,IN,AS,Mahanadi,IND
33002,-122.25,37.75,60885.0,21.504000000000001,57.0,1948,2006,0.0,US,NA,Sacramento,PAC
12545,-51.75,-29.75,71454.0,54.999000000000002,58.399999999999999,1972,2006,-9999.0,BR,SA,Jacui,ATL
10000,-77.25,4.25,14000.0,65.138000000000005,25.800000000000001,1965,1990,7.0,CO,SA,San,Juan
53333,7.25,7.75,60500.0,10.603,46.799999999999997,1930,1989,173.0,CM,AF,Bénoué,ATL
15000,-162.25,60.25,80549.0,37.743000000000002,54.299999999999997,1951,2006,61.0,AK,NA,Kuskokwim,PAC
19000,-81.75,52.25,118000.0,30.079999999999998,34.399999999999999,1964,2005,67.0,CA,NA,Albany,ATL
21111,120.25,34.25,121330.0,26.971,53.700000000000003,1915,1989,25.0,CN,AS,Huai,PAC
10370,-78.75,53.75,96300.0,53.728000000000002,18.800000000000001,1960,1978,7.0,CA,NA,Grande,(La)
14737,46.25,31.75,134000.0,38.192999999999998,34.100000000000001,1906,1972,34.0,IQ,AM,Tigris,(Dicle
10577,80.25,16.25,251355.0,51.808999999999997,74.0,1901,1979,-9999.0,IN,AS,Krishna,IND
14865,-74.25,45.75,89600.0,36.484000000000002,91.799999999999997,1914,2005,70.0,CA,NA,Ottawa,ATL
7143,95.25,21.75,27420.0,76.879999999999995,11.0,1978,1988,-9999.0,MM,AS,Chindwin,IND
16667,78.75,67.25,100000.0,32.805,32.100000000000001,1962,1996,-9999.0,RU,AS,Taz,ARC
11458,11.75,45.25,70091.0,47.746000000000002,80.299999999999997,1918,1998,8.0,IT,EU,Po,MED
15882,-57.25,5.75,51600.0,34.267000000000003,7.0,1973,1979,9.0,SR,SA,Courantyne/Cora,ATL
10800,149.75,71.25,305000.0,50.436999999999998,62.299999999999997,1936,1998,3.0,RU,AS,Indigirka,ARC
10000,4.75,43.75,95590.0,53.904000000000003,81.0,1920,2000,6.0,FR,EU,Rhone,MED
11522,-70.75,48.25,73000.0,45.981000000000002,80.299999999999997,1913,1993,100.0,CA,NA,Saguenay,ATL
17586,-88.25,30.75,56894.0,29.623999999999999,76.5,1930,2006,0.10000000000000001,US,NA,Alabama,ATL
10000,-132.25,56.75,51593.0,50.219999999999999,47.299999999999997,1954,2006,7.5999999999999996,AK,NA,Stikine,PAC
16897,-78.25,52.25,44300.0,28.658999999999999,42.0,1959,2001,35.0,CA,NA,Eastmain,ATL
22857,86.75,20.75,50000.0,21.283000000000001,1.0,1971,1971,-9999.0,IN,AS,Brahmani,IND
10000,35.25,47.25,463000.0,46.822000000000003,33.0,1952,1984,-9999.0,UA,EU,Dnepr,MED
10444,116.75,36.75,734146.0,44.923999999999999,52.299999999999997,1934,2000,-9999.0,CN,AS,Huanghe,PAC
12703,-56.25,-5.25,40400.0,37.088000000000001,2.5,1986,1992,-9999.0,BR,SA,Jamanxim,ATL
14839,-76.25,39.25,62419.0,30.391999999999999,106.8,1900,2006,88.400000000000006,US,NA,Susquehanna,ATL
10952,113.75,22.75,38363.0,42.125999999999998,34.700000000000003,1953,1987,-9999.0,CN,AS,Beijiang,PAC
17308,39.25,47.25,378000.0,24.446999999999999,92.900000000000006,1900,1995,58.0,RU,EU,Don,MED
10000,-150.25,61.75,50246.0,44.680999999999997,52.5,1949,2006,12.199999999999999,AK,NA,Susitna,PAC
11282,73.25,21.75,89345.0,38.381,26.0,1949,1979,-9999.0,IN,AS,Narmada,IND
18636,-68.75,-50.25,15550.0,22.010999999999999,37.600000000000001,1955,1994,206.0,AR,SA,Santa,Cruz
14286,-51.75,3.75,25100.0,26.381,42.799999999999997,1953,1996,103.0,GF,SA,Oyapock,(Oiapoq
16667,-66.25,58.75,35200.0,23.462,15.800000000000001,1962,1979,104.0,CA,NA,George,ATL
15385,39.25,-7.75,158200.0,25.738,16.600000000000001,1954,1978,64.0,TZ,AF,Rufiji,IND
10000,31.25,31.25,2900000.0,39.570999999999998,12.0,1973,1984,20.0,EG,AF,Nile,MED
11818,-79.25,51.25,57500.0,32.542000000000002,22.0,1960,1982,243.0,CA,NA,Nottaway,ATL
10882,0.25,5.75,394100.0,33.917999999999999,47.299999999999997,1936,1984,5.0,GH,AF,Volta,ATL
17619,-123.25,45.25,18855.0,21.004000000000001,91.0,1909,2006,32.399999999999999,US,NA,Willamette,PAC
12414,-130.25,54.25,42200.0,28.536000000000001,72.799999999999997,1928,2006,100.0,CA,NA,Skeena,PAC
18947,-0.75,44.75,52000.0,19.263999999999999,58.299999999999997,1920,1979,17.0,FR,EU,Garonne,ATL
12857,-91.75,31.25,174824.0,27.661999999999999,78.0,1928,2006,13.5,US,NA,Red,ATL
19444,103.25,3.25,19000.0,16.895,31.699999999999999,1963,2000,31.0,MY,AS,Pahang,IND
13600,-80.75,51.75,61100.0,23.795000000000002,45.299999999999997,1959,2005,29.0,CA,NA,Moose,ATL
11724,100.25,13.75,118816.0,23.273,86.5,1912,2000,-9999.0,TH,AS,Chao,Phraya
10000,-59.25,6.75,53400.0,35.670999999999999,10.0,1973,1987,12.0,GY,SA,Cuyuni,ATL
10303,18.75,54.25,194000.0,32.871000000000002,94.0,1900,1994,-9999.0,PL,EU,Vistula,(Wisla)
10000,-144.75,60.25,53354.0,36.212000000000003,41.700000000000003,1950,2006,121.90000000000001,AK,NA,Copper,PAC
12593,-66.25,45.25,39900.0,35.738999999999997,76.599999999999994,1918,1995,6.0,CA,NA,Saint,John
10625,122.25,72.75,198000.0,34.445999999999998,49.0,1951,1999,-9999.0,RU,AS,Olenek,ARC
12222,-78.75,51.75,40900.0,26.529,37.5,1963,2001,211.0,CA,NA,Rupert,ATL
17368,31.25,60.75,61275.0,18.719999999999999,102.0,1900,2001,72.0,FI,EU,Vuoksi,ATL
11379,162.75,56.25,51600.0,29.164999999999999,47.299999999999997,1937,1985,7.0,RU,AS,Kamchatka,PAC
11379,-68.25,49.25,45800.0,32.097000000000001,46.700000000000003,1946,1994,37.0,CA,NA,Manicouagan,ATL
11852,-78.25,1.75,18800.0,31.725999999999999,9.5,1973,1991,40.0,EC,SA,Esmeraldas,PAC
10000,-39.75,-19.25,78456.0,32.436999999999998,68.0,1967,2006,-9999.0,BR,SA,Doce,ATL
10000,135.75,71.25,224000.0,33.122,52.399999999999999,1951,2006,-9999.0,RU,AS,Yana,ARC
10000,-53.25,-1.25,51343.0,32.113,37.799999999999997,1968,2006,-9999.0,BR,SA,Jari,ATL
10000,-72.75,-37.25,24029.0,31.876000000000001,28.300000000000001,1963,1992,-9999.0,CL,SA,Bío,Bío
16000,-87.75,56.25,94300.0,19.933,22.600000000000001,1970,1994,50.0,CA,NA,Severn-CA,ATL
14762,-158.25,58.75,25511.0,20.986999999999998,16.0,1977,1993,27.399999999999999,AK,NA,Nushagak,PAC
10000,44.75,-19.75,45000.0,31.399999999999999,24.300000000000001,1958,1983,-9999.0,MG,AF,Tsiribihina,IND
11111,-73.75,-47.75,23736.0,27.443000000000001,21.800000000000001,1963,1984,105.0,CL,SA,Baker,PAC
10000,-50.25,1.25,23373.0,29.995999999999999,41.200000000000003,1952,2006,-9999.0,BR,SA,Araguari,ATL
10357,74.75,68.75,95100.0,27.852,50.200000000000003,1939,1991,2.0,RU,AS,Pur,ARC
11600,-130.25,54.75,19200.0,24.484000000000002,66.400000000000006,1929,2006,65.0,CA,NA,Nass,PAC
17059,-8.75,41.25,91491.0,17.317,36.799999999999997,1933,1969,44.0,PT,EU,Douro,(Duero)
10741,-62.75,-40.75,95000.0,26.923999999999999,66.799999999999997,1927,1994,32.0,AR,SA,Negro-AR,ATL
10000,11.75,-4.25,55010.0,28.584,22.899999999999999,1956,1982,8.0,CG,AF,Kouilou,ATL
10769,-2.25,47.25,110000.0,27.553000000000001,100.0,1900,1999,9.0,FR,EU,Loire,ATL
13333,-72.75,-41.75,8620.0,20.969999999999999,43.399999999999999,1943,1986,-9999.0,CL,SA,Puelo,PAC
11739,113.75,22.75,25325.0,23.411999999999999,34.299999999999997,1953,1987,7.0,CN,AS,Dongjiang,PAC
10000,89.25,25.75,20000.0,28.631,12.800000000000001,1969,1992,-9999.0,BD,AS,Tista,IND
12273,9.25,53.75,123532.0,21.422999999999998,102.0,1900,2001,17.0,DE,EU,Elbe,(Labe)
10000,-138.25,59.25,28024.0,27.300000000000001,31.300000000000001,1974,2006,0.0,AK,NA,Alsek,PAC
12857,-88.25,31.75,39847.099999999999,21.222999999999999,78.200000000000003,1928,2006,17.100000000000001,US,NA,Tombigbee,River
10000,-41.25,-21.75,55500.0,26.225999999999999,78.900000000000006,1928,2006,14.0,BR,SA,Paraiba,do
10833,-41.75,-3.25,282000.0,24.036999999999999,43.299999999999997,1963,2006,20.0,BR,SA,Parnaiba,ATL
10417,48.25,30.75,60769.0,23.437000000000001,66.400000000000006,1900,1985,20.0,IR,AS,Karun,IND
9259,-54.75,-6.25,34693.0,27.196000000000002,20.699999999999999,1975,1998,-9999.0,BR,SA,Curua-2,ATL
12500,43.75,66.25,56400.0,20.219000000000001,84.400000000000006,1920,2006,19.0,RU,EU,Mezen,ARC
13889,118.25,5.75,10800.0,16.285,3.7999999999999998,1981,1985,-9999.0,MY,AS,Kinabatangan,PAC
10000,-72.75,46.75,42000.0,23.265999999999998,94.0,1901,1994,99.0,CA,NA,Saint-Maurice,ATL
14375,10.25,-2.75,20000.0,16.315000000000001,6.2999999999999998,1965,1974,-9999.0,GA,AF,Nyanga,ATL
12778,-47.75,-1.75,38178.0,18.376000000000001,33.700000000000003,1971,2006,-9999.0,BR,SA,Capim,ATL
12941,-93.159999999999997,17.98,9000.0,4.5460000000000003,3.0,1976,1978,-9999.0,MX,NA,Rompido,de
10000,-16.25,16.25,268000.0,21.690999999999999,94.700000000000003,1903,2000,14.0,SN,AF,Senegal,ATL
10000,-95.75,18.75,21419.0,21.513999999999999,51.0,1948,2000,22.0,MX,NA,Papaloapan,ATL
11053,46.25,31.75,274100.0,19.149000000000001,18.0,1923,1972,28.0,IQ,AM,Euphrates,(Fira
10000,11.25,59.75,40221.0,21.210999999999999,83.299999999999997,1901,1984,100.0,NO,EU,Glomma,(Gläma
10000,-85.25,29.75,44548.0,19.986999999999998,78.0,1928,2006,12.4,US,NA,Apalachicola,ATL
13333,71.75,66.25,48000.0,14.42,38.100000000000001,1955,2005,-9999.0,RU,AS,Nadym,ARC
11765,14.25,53.75,109729.0,16.724,100.2,1900,2000,3.0,PL,EU,Odra,(Oder)
11875,24.25,56.75,70350.0,15.75,58.799999999999997,1906,1985,75.0,LV,EU,Daugava,(Zapadn
10000,-92.75,56.75,103000.0,19.187000000000001,28.399999999999999,1974,2006,-9999.0,CA,NA,Hayes,MB
11176,-76.989999999999995,55.229999999999997,36300.0,16.634,37.100000000000001,1961,2001,-9999.0,CA,NA,GR,Baleine
10000,43.75,-21.75,53225.0,16.646000000000001,26.0,1951,1983,-9999.0,MG,AF,Mangoky,IND
10000,-69.75,58.75,41700.0,18.513000000000002,30.300000000000001,1962,1993,4.0,CA,NA,Feuilles,(R
10000,-69.75,57.75,42700.0,18.98,34.600000000000001,1962,1999,27.0,CA,NA,Melezes,(R
10000,-94.25,58.75,287000.0,18.356999999999999,71.799999999999997,1928,2006,-9999.0,CA,NA,Churchill,ATL
10000,102.25,5.75,11900.0,17.283999999999999,50.200000000000003,1949,2000,25.0,MY,AS,Kelantan,PAC
10000,168.75,-46.25,20306.0,17.355,29.100000000000001,1954,1984,10.0,NZ,PO,Clutha,PAC
10000,9.25,5.75,6810.0,17.097000000000001,12.6,1967,1979,44.0,CM,AF,Cross,ATL
10000,24.75,65.75,50599.0,17.167999999999999,91.0,1911,2001,17.0,FI,EU,Kemi,ATL
10000,11.75,57.75,46858.0,16.504999999999999,104.0,1900,2003,44.0,SE,EU,Gota,ATL
10000,126.75,37.25,25046.0,16.582999999999998,24.5,1947,1979,2.0,KR,AS,Han,PAC
10625,-95.75,67.25,93900.0,14.913,40.100000000000001,1965,2006,27.0,CA,NA,Back,ARC
10000,38.25,63.75,55735.0,16.106000000000002,60.0,1943,2006,10.0,RU,EU,Onega,ARC
10000,72.75,21.25,61575.0,15.428000000000001,27.300000000000001,1940,1979,-9999.0,IN,AS,Tapi,(Tapti)
12308,113.75,73.25,78800.0,14.449,48.100000000000001,1954,2005,-9999.0,RU,AS,Anabar,ARC
10000,-39.25,-16.25,67769.0,14.445,65.299999999999997,1936,2006,-9999.0,BR,SA,Jequitinhonha,ATL
12727,37.75,45.25,48100.0,11.837,86.799999999999997,1911,1998,5.0,RU,EU,Kuban,MED
10000,-98.25,22.25,58115.0,13.614000000000001,23.0,1957,1979,80.0,MX,NA,Pánuco,ATL
11667,33.75,-24.75,342000.0,11.677,3.2000000000000002,1976,1979,23.0,MZ,AF,Limpopo,IND
10000,-85.25,55.25,50000.0,13.304,37.5,1965,2005,100.0,CA,NA,Winisk,ATL
10000,0.75,40.75,84230.0,14.82,72.0,1913,1999,8.0,ES,EU,Ebro,MED
10000,27.75,59.25,56000.0,12.452999999999999,85.599999999999994,1902,1991,-9999.0,EE,EU,Narva,ATL
9211,-114.75,31.75,444701.0,12.359999999999999,72.5,1934,2006,31.399999999999999,US,NA,Colorado-AR,PAC
10000,1.25,49.75,65000.0,10.526999999999999,7.0,1971,1977,-9999.0,FR,EU,Seine,ATL
10000,-115.25,67.75,50700.0,9.0310000000000006,40.700000000000003,1965,2006,-9999.0,CA,NA,Coopermine,ARC
11000,30.25,46.25,66100.0,9.8680000000000003,56.899999999999999,1900,1985,2.0,MD,EU,Dnestr,MED
10000,-9.25,39.25,67490.0,9.9809999999999999,72.0,1913,1990,200.0,PT,EU,Tagus,(Tejo
13378,-44.25,-2.75,50800.0,7.4550000000000001,42.600000000000001,1968,2006,15.0,BR,SA,Itapecuru,ATL
10000,147.25,-19.75,129450.0,8.8970000000000002,77.700000000000003,1921,2000,9.0,QX,AU,Burdekin,PAC
11059,139.25,-35.25,991000.0,8.5180000000000007,69.900000000000006,1930,2000,48.600000000000001,VX,AU,Murray,IND
10120,161.25,68.25,49600.0,8.4149999999999991,23.0,1978,2000,-9999.0,RU,AS,Bolshoy,Anyuy
10000,-105.25,21.75,128943.0,8.375,26.0,1956,1981,39.0,MX,NA,Grande,de
10000,-4.75,5.25,95500.0,8.3000000000000007,38.0,1954,1991,13.0,CI,AF,Bandama,ATL
10000,79.75,10.75,74004.0,7.702,5.0,1971,1979,58.0,IN,AS,Cauvery,IND
12295,42.75,0.75,179520.0,6.0860000000000003,25.800000000000001,1951,1979,-9999.0,SO,AF,Juba,IND
10000,150.75,-23.25,135860.0,13.821999999999999,85.700000000000003,1914,2001,-9999.0,QX,AU,Fitzroy-QX,PAC
10597,-95.25,29.25,116568.0,6.7039999999999997,87.5,1903,2006,8.5,US,NA,Brazos,ATL
11333,-3.75,5.25,66500.0,5.7759999999999998,41.799999999999997,1953,1994,120.0,CI,AF,Comoé,(Komoé)
17838,-37.75,-4.75,48200.0,3.6920000000000002,32.100000000000001,1961,2006,50.0,BR,SA,Jaguaribe,ATL
10000,130.25,-13.25,46600.0,7.6509999999999998,31.800000000000001,1969,2001,15.0,NT,AU,Daly,IND
10000,2.25,6.75,46990.0,5.4429999999999996,33.799999999999997,1948,1992,-9999.0,BJ,AF,Ouémé,ATL
10833,-7.25,37.25,60883.0,4.8739999999999997,43.899999999999999,1946,1990,30.0,PT,EU,Guadiana,ATL
10870,-129.25,69.75,56300.0,4.6189999999999998,30.399999999999999,1969,2006,-9999.0,CA,NA,Anderson,ARC
15313,129.75,-15.25,44900.0,4.2050000000000001,39.5,1953,2001,40.0,NT,AU,Victoria,IND
20000,135.25,-14.75,47400.0,3.1469999999999998,32.799999999999997,1966,2001,15.5,AU,AU,Roper,PAC
13143,122.25,40.75,120764.0,3.512,56.799999999999997,1938,2000,-9999.0,CN,AS,Liao,PAC
10000,16.75,-28.25,850530.0,6.8840000000000003,65.200000000000003,1935,2001,-9999.0,ZA,AF,Orange,(Senqu)
10488,-38.75,-12.75,53866.0,4.0599999999999996,56.100000000000001,1964,2006,50.0,BR,SA,Paraguacu,ATL
10000,-39.25,-14.25,56290.0,3.415,70.099999999999994,1935,2006,50.0,BR,SA,Contas,[de]
10313,-6.25,36.75,46995.0,9.9659999999999993,75.900000000000006,1913,1994,10.0,ES,EU,Guadalquivir,ATL
13200,-110.25,27.75,57908.0,2.4780000000000002,4.0,1976,1979,480.0,MX,NA,Yaqui,PAC
10000,-95.75,28.75,108787.0,2.5830000000000002,74.700000000000003,1919,2006,16.0,US,NA,Colorado-TX,ATL
10000,-97.25,25.75,456700.0,1.4990000000000001,67.0,1934,2000,-9999.0,US,NA,Rio,Grande
10000,118.75,-20.25,49895.0,1.4470000000000001,22.699999999999999,1974,2000,26.0,WX,AU,de,Grey
10000,113.75,-24.75,73545.0,0.71799999999999997,41.299999999999997,1957,1998,16.899999999999999,WX,AU,Gascoyne,IND
17500,115.75,-31.75,118200.0,0.374,29.800000000000001,1970,2000,20.300000000000001,WX,AU,Avon,IND
10000,116.25,-21.25,48945.0,0.26500000000000001,29.800000000000001,1968,1998,-9999.0,WX,AU,Fortescue,IND
10000,114.25,-27.75,84880.0,0.17499999999999999,31.5,1967,1999,-9999.0,WX,AU,Murchison,IND
10000,-92.75,18.25,37702.0,16.920000000000002,32.600000000000001,1947,1981,18.0,MX,NA,Grijalva,ATL
10000,-67.579999999999998,57.880000000000003,29800.0,15.975,38.5,1956,1999,26.0,CA,NA,Baleine,(R
10000,-155.90000000000001,59.329999999999998,16835.0,15.997,20.199999999999999,1967,1987,13.699999999999999,AK,NA,Kvichak,PAC
10000,138.80000000000001,37.299999999999997,9719.0,15.856,50.0,1951,2000,40.0,JP,AS,Shinano,PAC
10000,-124.0,41.509999999999998,31339.0,15.941000000000001,63.299999999999997,1910,1999,-9999.0,US,NA,Klamath,PAC
10000,21.670000000000002,65.799999999999997,24707.0,15.811,102.0,1900,2003,11.0,SE,EU,Lule,ATL
10000,-59.600000000000001,50.700000000000003,19100.0,15.465,13.9,1965,1980,50.0,CA,NA,Petit,Mecatina
10000,-53.700000000000003,-0.41999999999999998,30945.0,15.451000000000001,16.300000000000001,1973,1989,-9999.0,BR,SA,Parú,de
10000,45.530000000000001,-19.800000000000001,17990.0,15.499000000000001,3.2999999999999998,1980,1983,-9999.0,MG,AF,Mania,IND
10000,137.5,52.700000000000003,41000.0,15.224,44.399999999999999,1941,1985,92.0,RU,AS,Amgun,PAC
10000,-84.680000000000007,13.07,15073.0,15.803000000000001,10.699999999999999,1971,1982,-9999.0,NI,CA,Grande,de
10000,-72.609999999999999,41.990000000000002,25019.0,15.025,72.400000000000006,1928,2000,11.699999999999999,US,NA,Connecticut,ATL
10000,-46.32,-1.8,31064.0,14.984,26.800000000000001,1972,1999,-9999.0,BR,SA,Gurupi,ATL
10000,141.53,43.119999999999997,12697.0,14.91,47.0,1954,2000,-9999.0,JP,AS,Ishikari,PAC
10000,-66.180000000000007,50.350000000000001,19000.0,13.189,34.799999999999997,1965,2000,17.0,CA,NA,Moisie,ATL
10000,-47.840000000000003,-24.489999999999998,20855.0,14.48,46.299999999999997,1953,1999,10.0,BR,SA,Ribeira,do
10000,171.69999999999999,-41.829999999999998,6350.0,14.394,9.8000000000000007,1964,1984,25.0,NZ,PO,Buller,PAC
10000,10.119999999999999,3.5699999999999998,26400.0,14.084,25.800000000000001,1951,1977,35.0,CM,AF,Nyong,ATL
10000,120.33,28.149999999999999,13560.0,14.063000000000001,36.0,1951,1986,-9999.0,CN,AS,Oujiang,PAC
10000,34.549999999999997,-21.149999999999999,100885.0,13.981999999999999,3.7999999999999998,1976,1979,20.0,MZ,AF,Save,(Sabi)
10000,-160.13,66.969999999999999,24657.0,13.566000000000001,25.600000000000001,1976,2003,10.699999999999999,AK,NA,Kobuk,ARC
10000,46.850000000000001,-17.420000000000002,18550.0,13.832000000000001,32.600000000000001,1948,1982,-9999.0,MG,AF,Ikopa,IND
10000,45.469999999999999,-19.52,14375.0,13.897,2.0,1981,1983,-9999.0,MG,AF,Mahajilo,IND
10000,-84.400000000000006,11.02,28600.0,12.435,10.5,1969,1989,26.0,NI,CA,San,Juan
10000,-94.870000000000005,17.43,9224.0,13.041,4.0,1976,1979,20.0,MX,NA,Coatzacoalcos,ATL
10000,-61.590000000000003,50.189999999999998,16000.0,11.234999999999999,13.6,1962,1975,5.0,CA,NA,Natashquan,ATL
10000,-21.0,63.939999999999998,5760.0,12.577,41.5,1950,1992,12.0,IS,EU,Hvita,(Olfusa)
10000,-81.829999999999998,31.649999999999999,35224.0,12.491,67.0,1931,1998,7.5,US,NA,Altamaha,ATL
10000,-73.689999999999998,42.75,20953.0,12.41,51.799999999999997,1946,1998,0.10000000000000001,US,NA,Hudson,ATL
10000,-68.400000000000006,49.149999999999999,18900.0,12.340999999999999,57.299999999999997,1922,1979,58.0,CA,NA,Outardes,(R
10000,-133.69999999999999,58.539999999999999,17094.0,12.247,12.199999999999999,1987,1999,15.199999999999999,AK,NA,Taku,PAC
10000,-72.969999999999999,-40.32,3714.0,12.231,35.600000000000001,1929,1966,-9999.0,CL,SA,Bueno,PAC
10000,73.030000000000001,22.300000000000001,33670.0,12.073,11.0,1968,1979,-9999.0,IN,AS,Mahi,IND
10000,-49.07,-26.920000000000002,11803.0,12.082000000000001,57.0,1939,1999,12.0,BR,SA,Itajai-Acu,ATL
10000,13.08,-4.1100000000000003,23385.0,11.965999999999999,15.0,1969,1983,105.0,CG,AF,Niari,ATL
10000,17.27,63.170000000000002,30639.0,12.935,95.0,1909,2003,4.0,SE,EU,Angerman,ATL
10000,-20.629999999999999,63.93,7200.0,11.470000000000001,44.600000000000001,1947,1993,44.0,IS,EU,Thjorsa,ATL
10000,-88.700000000000003,13.43,18176.0,11.433,14.199999999999999,1965,1980,5.0,SV,CA,Lempa,ATL
10000,111.83,-7.0999999999999996,12804.0,11.507,9.0,1983,1991,-9999.0,ID,AS,Solo,(Bengawan
10000,-162.94,67.569999999999993,31079.799999999999,11.099,3.2999999999999998,1965,1971,-9999.0,AK,NA,Noatak,ARC
10000,140.06999999999999,38.75,6271.0,11.526,23.0,1959,2000,-9999.0,JP,AS,Mogami,PAC
10000,-71.900000000000006,59.979999999999997,26900.0,10.925000000000001,20.899999999999999,1962,1983,30.0,CA,NA,Arnaud,(Payne)
10000,-81.260000000000005,32.530000000000001,25511.0,10.779,67.299999999999997,1929,2000,4.0999999999999996,US,NA,Savannah,ATL
10000,-83.469999999999999,8.9499999999999993,4767.0,10.496,14.699999999999999,1965,1979,13.0,CR,CA,Grande,de
10000,-74.780000000000001,40.219999999999999,17560.0,10.477,86.0,1912,1998,0.0,US,NA,Delaware,ATL
10000,34.149999999999999,-19.949999999999999,26314.0,10.516,1.8,1976,1977,35.0,MZ,AF,Buzi,IND
10000,5.4299999999999997,51.810000000000002,29000.0,10.295,74.0,1911,1984,8.0,NL,EU,Maas,(Meuse)
10000,-77.129999999999995,38.950000000000003,29940.0,10.211,70.799999999999997,1930,2000,11.6,US,NA,Potomac,ATL
10000,136.74000000000001,35.310000000000002,4956.0,8.8109999999999999,19.899999999999999,1959,1997,-9999.0,JP,AS,Kiso,PAC
10000,19.620000000000001,42.009999999999998,12368.0,10.048999999999999,4.0,1965,1968,19.0,AL,EU,Drini,MED
10000,-52.049999999999997,-31.010000000000002,15543.0,9.9939999999999998,30.800000000000001,1964,1996,24.0,BR,SA,Camaqua,ATL
10000,9.1300000000000008,52.969999999999999,37788.0,9.9809999999999999,66.0,1921,1986,5.0,DE,EU,Weser,ATL
10000,175.15000000000001,-37.670000000000002,11395.0,9.8469999999999995,8.9000000000000004,1976,1984,25.0,NZ,PO,Waikato,PAC
10000,86.569999999999993,22.449999999999999,15152.0,9.7910000000000004,10.699999999999999,1964,1974,-9999.0,IN,AS,Subarnarekha,IND
10000,9.9700000000000006,4.46,8250.0,9.734,26.0,1951,1977,12.0,CM,AF,Wouri,ATL
10000,9.9199999999999999,59.899999999999999,16020.0,9.7029999999999994,62.799999999999997,1912,1974,-9999.0,NO,EU,Dramselv,ATL
10000,-80.0,-1.7,8690.0,8.3309999999999995,20.899999999999999,1970,1994,20.0,EC,SA,Daule,PAC
10000,26.82,60.689999999999998,36535.0,9.5749999999999993,102.0,1900,2001,19.0,FI,EU,Kymi,ATL
10000,96.469999999999999,18.920000000000002,14660.0,9.4339999999999993,-999.0,-999,-999,0.0,MM,AS,Sittang,IND
10000,87.370000000000005,23.43,19220.0,9.3510000000000009,40.700000000000003,1934,1979,-9999.0,IN,AS,Damodar,IND
10000,-8.3800000000000008,42.079999999999998,15457.0,7.8780000000000001,59.799999999999997,1914,1990,9.0,PT,EU,Minho,(Mino)
10000,128.84999999999999,35.399999999999999,22916.0,9.1489999999999991,19.0,1953,1972,-9999.0,KR,AS,Nagdong,(Nakdon
10000,-77.480000000000004,1.6200000000000001,13147.0,9.1660000000000004,12.4,1971,1984,380.0,CO,SA,Patía,PAC
10000,-51.520000000000003,-3.77,23070.0,9.1690000000000005,11.1,1977,1989,-9999.0,BR,SA,Bacaja,ATL
10000,-89.819999999999993,30.789999999999999,17024.0,9.0860000000000003,59.0,1938,1997,16.800000000000001,US,NA,Pearl,ATL
10000,-88.719999999999999,30.98,17068.0,9.0280000000000005,69.0,1930,1999,8.0,US,NA,Pascagoula,ATL
10000,-79.549999999999997,34.200000000000003,22870.0,9.0079999999999991,60.0,1938,1998,7.5,US,NA,Pee,Dee
10000,34.479999999999997,64.930000000000007,27700.0,8.3699999999999992,63.899999999999999,1917,1988,-9999.0,RU,EU,Kem,ARC
10000,167.80000000000001,-45.200000000000003,3302.0,8.8260000000000005,37.399999999999999,1932,1969,-9999.0,NZ,PO,Waiau,(S)
10000,161.25,69.25,26700.0,8.4169999999999998,39.5,1944,1987,-9999.0,RU,AS,Anadyr,Kolyma
10000,11.300000000000001,2.2999999999999998,18100.0,8.6969999999999992,26.5,1953,1979,500.0,CM,AF,Ntem,ATL
10000,99.829999999999998,13.56,26449.0,8.6500000000000004,31.5,1965,1996,-9999.0,TH,AS,Mae,Klong
10000,121.68000000000001,16.600000000000001,4244.0,8.5619999999999994,5.5,1969,1974,92.0,PH,AS,Cagayan,PAC
10000,135.63,34.799999999999997,7281.0,8.4550000000000001,43.0,1953,2000,7.0,JP,AS,Yodo,PAC
10000,46.93,-16.93,11800.0,8.5630000000000006,12.0,1957,1969,-9999.0,MG,AF,Betsiboka,IND
10000,-178.69999999999999,67.670000000000002,26400.0,8.4109999999999996,41.5,1944,1987,-9999.0,RU,AS,Amguema,ARC
10000,114.64,3.9700000000000002,3210.0,8.3640000000000008,8.8000000000000007,1977,1987,-9999.0,MY,AS,Tutoh,PAC
10000,34.670000000000002,64.480000000000004,26600.0,8.2699999999999996,12.0,1962,1973,-9999.0,RU,EU,Nyzhny,Vig
10000,-122.91,46.280000000000001,5796.0,8.2370000000000001,70.299999999999997,1926,2001,6.2000000000000002,US,NA,Cowlitz,PAC
10000,148.69999999999999,-9.3499999999999996,4210.0,8.2669999999999995,6.0999999999999996,1958,1964,-9999.0,PG,PO,Musa,PAC
10000,34.5,64.430000000000007,26500.0,8.1910000000000007,33.0,1956,1988,-9999.0,RU,EU,Belomorkanal,ARC
10000,120.81999999999999,15.15,6487.0,7.2690000000000001,30.800000000000001,1946,1977,1.0,PH,AS,Pampanga,PAC
10000,117.29000000000001,5.2999999999999998,5730.0,7.7969999999999997,11.300000000000001,1970,1985,-9999.0,MY,AS,Milan,PAC
10000,-71.079999999999998,-35.700000000000003,5454.0,7.75,76.900000000000006,1915,1993,-9999.0,CL,SA,Maule,PAC
10000,-82.25,53.25,24200.0,7.7000000000000002,28.800000000000001,1965,1994,240.0,CA,NA,Attawapiskat,ATL
10000,-76.200000000000003,56.859999999999999,12500.0,7.6529999999999996,18.300000000000001,1974,1993,-9999.0,CA,NA,Nastapoca,ATL
10000,46.969999999999999,-22.93,14160.0,7.6150000000000002,16.199999999999999,1960,1978,-9999.0,MG,AF,Mananara,IND
10000,-93.739999999999995,30.300000000000001,24162.0,7.54,75.0,1924,1999,1.2,US,NA,Sabine,ATL
10000,125.58,-18.210000000000001,46530.0,7.1159999999999997,44.799999999999997,1955,2000,110.90000000000001,WX,AU,Fitzroy-WX,IND
10000,-77.629999999999995,36.460000000000001,21720.0,7.3410000000000002,87.799999999999997,1912,1999,13.4,US,NA,Roanoke,ATL
10000,11.83,45.100000000000001,11954.0,7.1630000000000003,57.0,1922,1979,9.0,IT,EU,Adige,(Etsch)
10000,103.05,5.1299999999999999,3340.0,7.04,26.5,1961,1991,12.0,MY,AS,Trengganu,IND
10000,12.48,41.899999999999999,16545.0,7.0449999999999999,77.299999999999997,1921,1998,1.0,IT,EU,Tiber,(Tevere)
10000,35.630000000000003,36.969999999999999,20466.0,7.0220000000000002,13.300000000000001,1970,1983,13.0,TR,AM,Ceyhan,MED
10000,-94.849999999999994,30.420000000000002,44512.0,7.0030000000000001,75.400000000000006,1924,1999,7.9000000000000004,US,NA,Trinity,ATL
10000,-71.299999999999997,42.649999999999999,12005.0,6.891,76.299999999999997,1923,1999,1.6000000000000001,US,NA,Merrimack,ATL
10000,175.15000000000001,-39.770000000000003,6643.0,6.8440000000000003,38.5,1951,1990,15.0,NZ,PO,Wanganui,PAC
10000,-51.369999999999997,3.0499999999999998,4018.0,6.8109999999999999,6.2999999999999998,1984,1994,-9999.0,BR,SA,Cacipore,ATL
10000,-9.5299999999999994,7.3300000000000001,9760.0,6.7350000000000003,3.0,1973,1975,-9999.0,LR,AF,St,Paul
